<?xml version="1.0" encoding="UTF-8"?>
<!DOCTYPE CatalogoVOD SYSTEM "catalogovod.dtd">
<CatalogoVOD>
    <cuenta correo="tony.stark@gmail.com">
        <perfiles>
            <perfil usuerio="Robert Downey Jr." idioma="English"/>
            <perfil usuerio="Chris Evans" idioma="English"/>
        </perfiles>
    </cuenta>
    <contenido>
        <peliculas>
            <genero nombre="Super Héroes">
                <titulo duracion="02:04:00">&lt;video id="11"&gt;&amp;lt;&lt;/video&gt;</titulo>
                <titulo duracion="02:06:00"><![CDATA[<video id="11">&lt;</video>]]></titulo>
            </genero>
            <genero nombre="Terror">
                <titulo duracion="01:51:00">Halloween: la noche final</titulo>
                <titulo duracion="01:42:00">El teléfono negro</titulo>
            </genero>
        </peliculas>
        <programas>
            <genero nombre="Comedia">
                <titulo duracion="00:40:00">Friends</titulo>
                <titulo duracion="00:40:00">The Big Bang Theory</titulo>
            </genero>
            <genero nombre="Drama Criminal">
                <titulo duracion="00:45:00">Criminal Minds</titulo>
                <titulo duracion="00:50:00">Dahmer</titulo>
            </genero>
        </programas>
    </contenido>
</CatalogoVOD>